Title,Year,Runtime,Genre,imdbRating,imdbVotes
A Clockwork Orange,1971,136 min,"Crime, Drama, Sci-Fi",8.3,"601,251"
Willy Wonka & the Chocolate Factory,1971,100 min,"Family, Fantasy, Musical",7.8,"140,106"
The Godfather,1972,175 min,"Crime, Drama",9.2,"1,243,444"
The Exorcist,1973,122 min,Horror,8,"299,364"
The Sting,1973,129 min,"Comedy, Crime, Drama",8.3,"190,154"
The Godfather: Part II,1974,202 min,"Crime, Drama",9,"856,870"
Chinatown,1974,130 min,"Drama, Mystery, Thriller",8.2,"232,188"
Young Frankenstein,1974,106 min,Comedy,8,"121,147"
Blazing Saddles,1974,93 min,"Comedy, Western",7.8,"103,800"
The Texas Chain Saw Massacre,1974,83 min,Horror,7.5,"103,510"
One Flew Over the Cuckoo's Nest,1975,133 min,Drama,8.7,"729,653"
Jaws,1975,124 min,"Adventure, Drama, Thriller",8,"445,407"
Monty Python and the Holy Grail,1975,91 min,"Adventure, Comedy, Fantasy",8.3,"408,671"
Dog Day Afternoon,1975,125 min,"Biography, Crime, Drama",8,"194,970"
Barry Lyndon,1975,184 min,"Adventure, Drama, History",8.1,"110,576"
Taxi Driver,1976,113 min,"Crime, Drama",8.3,"549,211"
Rocky,1976,120 min,"Drama, Sport",8.1,"407,892"
Network,1976,121 min,Drama,8.1,"111,892"
Star Wars: Episode IV - A New Hope,1977,121 min,"Action, Adventure, Fantasy",8.7,"982,688"
Annie Hall,1977,93 min,"Comedy, Romance",8.1,"208,523"
Close Encounters of the Third Kind,1977,137 min,"Drama, Sci-Fi",7.7,"147,772"
The Deer Hunter,1978,183 min,"Drama, War",8.2,"249,067"
Grease,1978,110 min,"Musical, Romance",7.2,"181,489"
Halloween,1978,91 min,"Horror, Thriller",7.9,"168,969"
Superman,1978,143 min,"Action, Adventure, Drama",7.3,"133,617"
Alien,1979,117 min,"Horror, Sci-Fi",8.5,"618,222"
Apocalypse Now,1979,153 min,"Drama, War",8.5,"481,465"
Life of Brian,1979,94 min,Comedy,8.1,"291,865"
Mad Max,1979,88 min,"Action, Adventure, Sci-Fi",7,"161,293"
Star Wars: Episode V - The Empire Strikes Back,1980,124 min,"Action, Adventure, Fantasy",8.8,"910,608"
The Shining,1980,146 min,"Drama, Horror",8.4,"664,418"
Raging Bull,1980,129 min,"Biography, Drama, Sport",8.2,"251,296"
The Elephant Man,1980,124 min,"Biography, Drama",8.2,"174,583"
Airplane!,1980,88 min,Comedy,7.8,"170,228"
The Blues Brothers,1980,133 min,"Action, Comedy, Crime",7.9,"150,887"
Raiders of the Lost Ark,1981,115 min,"Action, Adventure",8.5,"709,587"
Das Boot,1981,149 min,"Adventure, Drama, Thriller",8.4,"180,895"
The Evil Dead,1981,85 min,Horror,7.5,"151,250"
The Road Warrior,1981,94 min,"Action, Adventure, Sci-Fi",7.6,"141,268"
Blade Runner,1982,117 min,"Sci-Fi, Thriller",8.2,"499,344"
E.T. the Extra-Terrestrial,1982,115 min,"Family, Sci-Fi",7.9,"300,412"
The Thing,1982,109 min,"Horror, Mystery, Sci-Fi",8.2,"281,843"
Gandhi,1982,191 min,"Biography, Drama, History",8.1,"184,127"
First Blood,1982,93 min,"Action, Adventure, Drama",7.7,"182,678"
Poltergeist,1982,114 min,"Fantasy, Horror, Thriller",7.4,"113,721"
Star Wars: Episode VI - Return of the Jedi,1983,131 min,"Action, Adventure, Fantasy",8.4,"747,275"
Scarface,1983,170 min,"Crime, Drama",8.3,"580,090"
A Christmas Story,1983,94 min,"Comedy, Family",8,"110,893"
Trading Places,1983,116 min,Comedy,7.5,"109,557"
The Terminator,1984,107 min,"Action, Sci-Fi",8,"646,546"
Indiana Jones and the Temple of Doom,1984,118 min,"Action, Adventure",7.6,"354,509"
Amadeus,1984,160 min,"Biography, Drama, History",8.3,"293,394"
Once Upon a Time in America,1984,229 min,"Crime, Drama",8.4,"239,391"
A Nightmare on Elm Street,1984,91 min,Horror,7.5,"160,821"
Gremlins,1984,106 min,"Comedy, Fantasy, Horror",7.2,"154,176"
The Karate Kid,1984,126 min,"Action, Drama, Family",7.2,"137,906"
Beverly Hills Cop,1984,105 min,"Action, Comedy, Crime",7.3,"134,714"
Nausicaä of the Valley of the Wind,1984,117 min,"Animation, Adventure, Fantasy",8.1,"106,455"
The NeverEnding Story,1984,102 min,"Adventure, Drama, Family",7.4,"106,289"
Back to the Future,1985,116 min,"Adventure, Comedy, Sci-Fi",8.5,"798,211"
Brazil,1985,132 min,"Drama, Sci-Fi",8,"160,587"
Aliens,1986,137 min,"Action, Adventure, Sci-Fi",8.4,"529,034"
Platoon,1986,120 min,"Drama, War",8.1,"311,879"
Stand by Me,1986,89 min,"Adventure, Drama",8.1,"292,157"
Highlander,1986,116 min,"Action, Adventure, Fantasy",7.2,"103,594"
Full Metal Jacket,1987,116 min,"Drama, War",8.3,"527,053"
The Princess Bride,1987,98 min,"Adventure, Family, Fantasy",8.1,"314,262"
Predator,1987,107 min,"Action, Sci-Fi, Thriller",7.8,"307,780"
The Untouchables,1987,119 min,"Crime, Drama, Thriller",7.9,"230,116"
Spaceballs,1987,96 min,"Adventure, Comedy, Sci-Fi",7.1,"144,307"
Wall Street,1987,126 min,"Crime, Drama",7.4,"124,856"
Evil Dead II,1987,84 min,"Comedy, Horror",7.8,"121,548"
"Good Morning, Vietnam",1987,121 min,"Biography, Comedy, Drama",7.3,"105,240"
Die Hard,1988,131 min,"Action, Thriller",8.2,"636,557"
Rain Man,1988,133 min,Drama,8,"403,104"
Beetlejuice,1988,92 min,"Comedy, Fantasy",7.5,"203,404"
My Neighbor Totoro,1988,86 min,"Animation, Family, Fantasy",8.2,"193,678"
Cinema Paradiso,1988,155 min,Drama,8.5,"168,022"
Big,1988,104 min,"Comedy, Drama, Family",7.3,"161,877"
Grave of the Fireflies,1988,89 min,"Animation, Drama, War",8.5,"156,225"
Akira,1988,124 min,"Animation, Action, Drama",8.1,"115,508"
Indiana Jones and the Last Crusade,1989,127 min,"Action, Adventure, Fantasy",8.3,"555,173"
Back to the Future Part II,1989,108 min,"Adventure, Comedy, Sci-Fi",7.8,"369,787"
Dead Poets Society,1989,128 min,"Comedy, Drama",8,"295,852"
Batman,1989,126 min,"Action, Adventure",7.6,"285,262"
When Harry Met Sally...,1989,96 min,"Comedy, Drama, Romance",7.6,"159,228"
The Abyss,1989,145 min,"Adventure, Drama, Sci-Fi",7.6,"138,550"
Glory,1989,122 min,"Biography, Drama, History",7.9,"106,197"
Goodfellas,1990,146 min,"Crime, Drama",8.7,"787,997"
Edward Scissorhands,1990,105 min,"Drama, Fantasy, Romance",7.9,"377,999"
Home Alone,1990,103 min,"Comedy, Family",7.5,"343,702"
Back to the Future Part III,1990,118 min,"Action, Adventure, Comedy",7.4,"310,064"
The Godfather: Part III,1990,162 min,"Crime, Drama",7.6,"289,382"
Die Hard 2,1990,124 min,"Action, Thriller",7.1,"285,011"
Total Recall,1990,113 min,"Action, Sci-Fi, Thriller",7.5,"253,885"
Dances with Wolves,1990,181 min,"Adventure, Drama, Western",8,"198,359"
Ghost,1990,127 min,"Drama, Fantasy, Romance",7,"162,691"
The Hunt for Red October,1990,135 min,"Action, Adventure, Thriller",7.6,"150,662"
The Silence of the Lambs,1991,118 min,"Crime, Drama, Thriller",8.6,"967,878"
Terminator 2: Judgment Day,1991,137 min,"Action, Sci-Fi, Thriller",8.5,"798,971"
Beauty and the Beast,1991,84 min,"Animation, Family, Fantasy",8,"336,430"
Cape Fear,1991,128 min,"Crime, Thriller",7.3,"135,942"
JFK,1991,189 min,"Drama, History, Thriller",8,"120,061"
Reservoir Dogs,1992,99 min,"Crime, Drama, Thriller",8.3,"721,998"
Unforgiven,1992,131 min,"Drama, Western",8.2,"298,035"
Aladdin,1992,90 min,"Animation, Adventure, Comedy",8,"281,651"
Batman Returns,1992,126 min,Action,7,"228,841"
A Few Good Men,1992,138 min,"Drama, Thriller",7.7,"193,134"
Bram Stoker's Dracula,1992,128 min,"Fantasy, Horror",7.5,"152,669"
Army of Darkness,1992,81 min,"Comedy, Horror",7.6,"137,392"
The Last of the Mohicans,1992,112 min,"Action, Adventure, Drama",7.8,"120,967"
Wayne's World,1992,94 min,"Comedy, Music",7,"120,493"
Schindler's List,1993,195 min,"Biography, Drama, History",8.9,"937,837"
Jurassic Park,1993,127 min,"Adventure, Sci-Fi, Thriller",8.1,"670,652"
Groundhog Day,1993,101 min,"Comedy, Fantasy, Romance",8,"474,776"
The Nightmare Before Christmas,1993,76 min,"Animation, Family, Fantasy",8,"238,561"
The Fugitive,1993,130 min,"Action, Crime, Drama",7.8,"223,639"
Philadelphia,1993,125 min,Drama,7.7,"188,785"
What's Eating Gilbert Grape,1993,118 min,Drama,7.8,"180,963"
True Romance,1993,120 min,"Crime, Drama, Romance",8,"172,227"
Dazed and Confused,1993,102 min,Comedy,7.7,"131,268"
In the Name of the Father,1993,133 min,"Biography, Drama",8.1,"119,905"
Tombstone,1993,130 min,"Action, Biography, Drama",7.8,"101,767"
The Shawshank Redemption,1994,142 min,"Crime, Drama",9.3,"1,825,626"
Pulp Fiction,1994,154 min,"Crime, Drama",8.9,"1,427,451"
Forrest Gump,1994,142 min,"Comedy, Drama, Romance",8.8,"1,365,937"
Léon: The Professional,1994,110 min,"Crime, Drama, Thriller",8.6,"787,281"
The Lion King,1994,88 min,"Animation, Adventure, Drama",8.5,"707,806"
Dumb and Dumber,1994,107 min,Comedy,7.3,"301,879"
Speed,1994,116 min,"Action, Adventure, Crime",7.2,"274,760"
Interview with the Vampire: The Vampire Chronicles,1994,123 min,"Drama, Fantasy, Horror",7.6,"252,210"
True Lies,1994,141 min,"Action, Comedy, Thriller",7.2,"200,156"
Clerks,1994,92 min,Comedy,7.8,"188,598"
Ed Wood,1994,127 min,"Biography, Comedy, Drama",7.9,"147,591"
The Crow,1994,102 min,"Action, Drama, Fantasy",7.6,"143,430"
Legends of the Fall,1994,133 min,"Drama, Romance, War",7.5,"119,329"
Four Weddings and a Funeral,1994,117 min,"Comedy, Drama, Romance",7.1,"113,625"
Se7en,1995,127 min,"Crime, Drama, Mystery",8.6,"1,108,627"
The Usual Suspects,1995,106 min,"Crime, Drama, Mystery",8.6,"797,545"
Braveheart,1995,178 min,"Biography, Drama, History",8.4,"793,897"
Toy Story,1995,81 min,"Animation, Adventure, Comedy",8.3,"680,986"
Twelve Monkeys,1995,129 min,"Mystery, Sci-Fi, Thriller",8,"492,644"
Heat,1995,170 min,"Action, Crime, Drama",8.2,"461,331"
Casino,1995,178 min,"Crime, Drama",8.2,"360,941"
Die Hard with a Vengeance,1995,128 min,"Action, Adventure, Thriller",7.6,"313,320"
Apollo 13,1995,140 min,"Adventure, Drama, History",7.6,"221,216"
GoldenEye,1995,130 min,"Action, Adventure, Thriller",7.2,"207,180"
Before Sunrise,1995,101 min,"Drama, Romance",8.1,"202,165"
Desperado,1995,104 min,"Action, Crime, Thriller",7.2,"145,938"
La Haine,1995,98 min,"Crime, Drama",8.1,"112,951"
Mallrats,1995,94 min,"Comedy, Romance",7.2,"102,601"
Trainspotting,1996,94 min,Drama,8.2,"517,568"
Fargo,1996,98 min,"Crime, Drama, Thriller",8.1,"490,860"
Independence Day,1996,145 min,"Action, Adventure, Sci-Fi",7,"455,910"
Mission: Impossible,1996,110 min,"Action, Adventure, Thriller",7.1,"318,522"
The Rock,1996,136 min,"Action, Adventure, Thriller",7.4,"270,566"
Scream,1996,111 min,"Horror, Mystery",7.2,"234,139"
From Dusk Till Dawn,1996,108 min,"Action, Crime, Horror",7.3,"232,794"
Jerry Maguire,1996,139 min,"Comedy, Drama, Romance",7.3,"200,699"
Happy Gilmore,1996,92 min,"Comedy, Sport",7,"164,214"
Sleepers,1996,147 min,"Crime, Drama, Thriller",7.6,"161,424"
The English Patient,1996,162 min,"Drama, Romance, War",7.4,"150,375"
A Time to Kill,1996,149 min,"Crime, Drama, Thriller",7.4,"106,613"
First Contact,1996,111 min,"Action, Adventure, Drama",7.6,"102,116"
Titanic,1997,194 min,"Drama, Romance",7.7,"847,267"
Good Will Hunting,1997,126 min,Drama,8.3,"659,342"
Life Is Beautiful,1997,116 min,"Comedy, Drama, War",8.6,"464,159"
L.A. Confidential,1997,138 min,"Crime, Drama, Mystery",8.3,"441,642"
Men in Black,1997,98 min,"Adventure, Comedy, Family",7.3,"429,531"
The Fifth Element,1997,126 min,"Action, Adventure, Sci-Fi",7.7,"364,381"
Face/Off,1997,138 min,"Action, Crime, Sci-Fi",7.3,"297,868"
The Game,1997,129 min,"Drama, Mystery, Thriller",7.8,"280,130"
The Devil's Advocate,1997,144 min,"Drama, Mystery, Thriller",7.5,"275,058"
Jackie Brown,1997,154 min,"Crime, Drama, Thriller",7.5,"253,463"
Princess Mononoke,1997,134 min,"Animation, Adventure, Fantasy",8.4,"246,093"
Donnie Brasco,1997,127 min,"Biography, Crime, Drama",7.8,"235,939"
As Good as It Gets,1997,139 min,"Comedy, Drama, Romance",7.7,"235,042"
Gattaca,1997,106 min,"Drama, Sci-Fi, Thriller",7.8,"233,333"
Starship Troopers,1997,129 min,"Action, Adventure, Sci-Fi",7.2,"231,627"
Contact,1997,150 min,"Drama, Mystery, Sci-Fi",7.4,"213,439"
Boogie Nights,1997,155 min,Drama,7.9,"199,363"
Austin Powers: International Man of Mystery,1997,89 min,"Adventure, Comedy",7,"191,285"
Cube,1997,90 min,"Drama, Mystery, Sci-Fi",7.3,"170,965"
Chasing Amy,1997,113 min,"Comedy, Drama, Romance",7.3,"118,587"
Seven Years in Tibet,1997,136 min,"Adventure, Biography, Drama",7,"101,554"
Saving Private Ryan,1998,169 min,"Drama, War",8.6,"960,639"
American History X,1998,119 min,"Crime, Drama",8.5,"843,128"
The Truman Show,1998,103 min,"Comedy, Drama, Sci-Fi",8.1,"724,665"
The Big Lebowski,1998,117 min,"Comedy, Crime",8.2,"580,796"
"Lock, Stock and Two Smoking Barrels",1998,107 min,"Comedy, Crime",8.2,"442,704"
There's Something About Mary,1998,119 min,"Comedy, Romance",7.1,"257,297"
A Bug's Life,1998,95 min,"Animation, Adventure, Comedy",7.2,"223,668"
Fear and Loathing in Las Vegas,1998,118 min,"Adventure, Comedy, Drama",7.7,"223,648"
Blade,1998,120 min,"Action, Horror",7.1,"203,291"
Enemy of the State,1998,132 min,"Action, Thriller",7.3,"197,250"
Mulan,1998,88 min,"Animation, Adventure, Family",7.6,"188,743"
Shakespeare in Love,1998,123 min,"Comedy, Drama, History",7.2,"184,813"
Meet Joe Black,1998,178 min,"Drama, Fantasy, Romance",7.1,"177,637"
Run Lola Run,1998,80 min,"Crime, Drama, Thriller",7.7,"167,796"
Dark City,1998,100 min,"Mystery, Sci-Fi, Thriller",7.7,"164,215"
Ronin,1998,122 min,"Action, Adventure, Crime",7.3,"150,941"
Pi,1998,84 min,"Drama, Horror, Mystery",7.5,"148,689"
The Thin Red Line,1998,170 min,"Drama, War",7.6,"146,570"
Rushmore,1998,93 min,"Comedy, Drama",7.7,"142,729"
Rounders,1998,121 min,"Crime, Drama",7.4,"126,984"
The Negotiator,1998,140 min,"Action, Crime, Drama",7.3,"112,069"
Fight Club,1999,139 min,Drama,8.8,"1,458,676"
The Matrix,1999,136 min,"Action, Sci-Fi",8.7,"1,314,628"
American Beauty,1999,122 min,"Drama, Romance",8.4,"881,549"
The Green Mile,1999,189 min,"Crime, Drama, Fantasy",8.5,"857,527"
The Sixth Sense,1999,107 min,"Drama, Mystery, Thriller",8.1,"754,842"
Toy Story 2,1999,92 min,"Animation, Adventure, Comedy",7.9,"413,624"
American Pie,1999,95 min,Comedy,7,"328,103"
Being John Malkovich,1999,112 min,"Comedy, Drama, Fantasy",7.8,"266,601"
Magnolia,1999,188 min,Drama,8,"251,286"
Eyes Wide Shut,1999,159 min,"Drama, Mystery, Thriller",7.3,"241,855"
10 Things I Hate About You,1999,97 min,"Comedy, Drama, Romance",7.2,"239,625"
Notting Hill,1999,124 min,"Comedy, Drama, Romance",7,"217,377"
Office Space,1999,89 min,Comedy,7.8,"209,860"
The Boondock Saints,1999,108 min,"Action, Crime, Thriller",7.9,"205,167"
Dogma,1999,130 min,"Adventure, Comedy, Drama",7.4,"187,839"
"South Park: Bigger, Longer & Uncut",1999,81 min,"Animation, Comedy, Fantasy",7.8,"169,145"
The Talented Mr. Ripley,1999,139 min,"Crime, Drama, Thriller",7.3,"146,242"
Three Kings,1999,114 min,"Action, Adventure, Comedy",7.1,"143,377"
The Insider,1999,157 min,"Biography, Drama, Thriller",7.9,"139,095"
The Iron Giant,1999,86 min,"Animation, Action, Adventure",8,"137,441"
"Girl, Interrupted",1999,127 min,"Biography, Drama",7.3,"133,486"
Galaxy Quest,1999,102 min,"Adventure, Comedy, Sci-Fi",7.3,"128,678"
The Virgin Suicides,1999,97 min,"Drama, Romance",7.2,"123,202"
Payback,1999,100 min,"Action, Crime, Drama",7.1,"116,160"
Man on the Moon,1999,118 min,"Biography, Comedy, Drama",7.4,"104,475"
Gladiator,2000,155 min,"Action, Adventure, Drama",8.5,"1,059,523"
Memento,2000,113 min,"Mystery, Thriller",8.5,"909,341"
Snatch,2000,102 min,"Comedy, Crime",8.3,"643,205"
Requiem for a Dream,2000,102 min,Drama,8.4,"618,232"
X-Men,2000,104 min,"Action, Adventure, Sci-Fi",7.4,"484,809"
Cast Away,2000,143 min,"Adventure, Drama, Romance",7.7,"421,978"
American Psycho,2000,102 min,"Crime, Drama",7.6,"383,781"
Unbreakable,2000,106 min,"Drama, Mystery, Sci-Fi",7.2,"274,483"
Meet the Parents,2000,108 min,"Comedy, Romance",7,"271,694"
"O Brother, Where Art Thou?",2000,107 min,"Adventure, Comedy, Crime",7.8,"238,447"
"Crouching Tiger, Hidden Dragon",2000,120 min,"Action, Adventure, Fantasy",7.9,"225,991"
The Patriot,2000,165 min,"Action, Drama, History",7.1,"218,532"
Almost Famous,2000,122 min,"Adventure, Comedy, Drama",7.9,"217,156"
Pitch Black,2000,109 min,"Horror, Sci-Fi",7.1,"200,967"
Amores Perros,2000,154 min,"Drama, Thriller",8.1,"184,555"
Traffic,2000,147 min,"Crime, Drama, Thriller",7.6,"176,275"
Remember the Titans,2000,113 min,"Biography, Drama, Sport",7.8,"169,662"
Chocolat,2000,121 min,"Drama, Romance",7.3,"157,206"
High Fidelity,2000,113 min,"Comedy, Drama, Music",7.5,"148,968"
Chicken Run,2000,84 min,"Animation, Adventure, Comedy",7,"148,114"
Erin Brockovich,2000,131 min,"Biography, Drama",7.3,"143,616"
The Emperor's New Groove,2000,78 min,"Animation, Adventure, Comedy",7.3,"138,623"
Billy Elliot,2000,110 min,"Drama, Music, Romance",7.7,"102,909"
The Lord of the Rings: The Fellowship of the Ring,2001,178 min,"Adventure, Drama, Fantasy",8.8,"1,326,876"
A Beautiful Mind,2001,135 min,"Biography, Drama",8.2,"667,901"
"Monsters, Inc.",2001,92 min,"Animation, Adventure, Comedy",8.1,"639,101"
Donnie Darko,2001,113 min,"Drama, Sci-Fi, Thriller",8.1,"622,498"
Amélie,2001,122 min,"Comedy, Romance",8.4,"574,954"
Shrek,2001,90 min,"Animation, Adventure, Comedy",7.9,"498,387"
Harry Potter and the Sorcerer's Stone,2001,152 min,"Adventure, Family, Fantasy",7.5,"488,323"
Spirited Away,2001,125 min,"Animation, Adventure, Family",8.6,"464,405"
Ocean's Eleven,2001,116 min,"Crime, Thriller",7.8,"427,952"
Training Day,2001,122 min,"Crime, Drama, Thriller",7.7,"324,237"
Black Hawk Down,2001,144 min,"Drama, History, War",7.7,"309,510"
The Others,2001,104 min,"Horror, Mystery, Thriller",7.6,"286,022"
Mulholland Drive,2001,147 min,"Drama, Mystery, Thriller",8,"257,868"
A.I. Artificial Intelligence,2001,146 min,"Adventure, Drama, Sci-Fi",7.1,"251,954"
Moulin Rouge!,2001,127 min,"Drama, Musical, Romance",7.6,"234,195"
The Royal Tenenbaums,2001,110 min,"Comedy, Drama",7.6,"222,031"
Blow,2001,124 min,"Biography, Crime, Drama",7.6,"208,542"
Enemy at the Gates,2001,131 min,"Drama, History, War",7.6,"201,674"
K-PAX,2001,120 min,"Drama, Sci-Fi",7.4,"156,720"
I Am Sam,2001,132 min,Drama,7.6,"127,286"
Spy Game,2001,126 min,"Action, Crime, Thriller",7.1,"126,074"
The Lord of the Rings: The Two Towers,2002,179 min,"Adventure, Drama, Fantasy",8.7,"1,188,300"
Catch Me If You Can,2002,141 min,"Biography, Crime, Drama",8.1,"592,039"
Spider-Man,2002,121 min,"Action, Adventure",7.3,"578,376"
City of God,2002,130 min,"Crime, Drama",8.7,"571,582"
The Pianist,2002,150 min,"Biography, Drama, Music",8.5,"547,383"
The Bourne Identity,2002,119 min,"Action, Mystery, Thriller",7.9,"435,961"
Minority Report,2002,145 min,"Action, Adventure, Crime",7.7,"424,718"
Harry Potter and the Chamber of Secrets,2002,161 min,"Adventure, Family, Fantasy",7.4,"422,381"
Ice Age,2002,81 min,"Animation, Adventure, Comedy",7.6,"349,351"
Gangs of New York,2002,167 min,"Crime, Drama",7.5,"335,038"
28 Days Later...,2002,113 min,"Drama, Horror, Sci-Fi",7.6,"315,010"
Insomnia,2002,118 min,"Drama, Mystery, Thriller",7.2,"230,082"
Phone Booth,2002,81 min,"Crime, Mystery, Thriller",7.1,"218,463"
Red Dragon,2002,124 min,"Crime, Drama, Thriller",7.2,"213,250"
Road to Perdition,2002,117 min,"Crime, Drama, Thriller",7.7,"210,676"
8 Mile,2002,110 min,"Drama, Music",7,"200,514"
Chicago,2002,113 min,"Comedy, Crime, Musical",7.2,"182,458"
A Walk to Remember,2002,101 min,"Drama, Romance",7.4,"171,852"
Hero,2002,99 min,"Action, Adventure, History",7.9,"155,651"
25th Hour,2002,135 min,Drama,7.7,"154,895"
Adaptation.,2002,114 min,"Comedy, Drama",7.7,"150,969"
About a Boy,2002,101 min,"Comedy, Drama, Romance",7.1,"149,501"
Lilo & Stitch,2002,85 min,"Animation, Adventure, Comedy",7.2,"128,464"
Bowling for Columbine,2002,120 min,"Documentary, Crime, Drama",8,"127,545"
Punch-Drunk Love,2002,95 min,"Comedy, Drama, Romance",7.3,"116,498"
About Schmidt,2002,125 min,"Comedy, Drama",7.2,"110,826"
The Count of Monte Cristo,2002,131 min,"Action, Adventure, Drama",7.7,"110,468"
We Were Soldiers,2002,138 min,"Action, Drama, History",7.2,"109,913"
The Hours,2002,110 min,"Drama, Romance",7.6,"106,922"
John Q,2002,116 min,"Crime, Drama, Thriller",7.1,"105,018"
The Lord of the Rings: The Return of the King,2003,201 min,"Adventure, Drama, Fantasy",8.9,"1,304,569"
Pirates of the Caribbean: The Curse of the Black Pearl,2003,143 min,"Action, Adventure, Fantasy",8,"869,710"
Kill Bill: Vol. 1,2003,111 min,"Action, Crime, Thriller",8.1,"791,579"
Finding Nemo,2003,100 min,"Animation, Adventure, Comedy",8.1,"756,517"
The Matrix Reloaded,2003,138 min,"Action, Sci-Fi",7.2,"442,318"
X-Men 2,2003,134 min,"Action, Adventure, Fantasy",7.5,"432,804"
Oldboy,2003,120 min,"Drama, Mystery, Thriller",8.4,"387,850"
Big Fish,2003,125 min,"Adventure, Drama, Fantasy",8,"364,938"
Mystic River,2003,138 min,"Crime, Drama, Mystery",8,"356,143"
Love Actually,2003,135 min,"Comedy, Drama, Romance",7.7,"342,112"
Lost in Translation,2003,102 min,Drama,7.8,"340,173"
The Last Samurai,2003,154 min,"Action, Drama, History",7.7,"334,803"
The Italian Job,2003,111 min,"Action, Crime, Thriller",7,"298,656"
Underworld,2003,121 min,"Action, Fantasy, Thriller",7,"221,990"
School of Rock,2003,108 min,"Comedy, Family, Music",7.1,"221,550"
21 Grams,2003,124 min,"Crime, Drama, Thriller",7.7,"198,439"
Old School,2003,88 min,Comedy,7.2,"191,929"
Identity,2003,90 min,"Mystery, Thriller",7.3,"188,537"
Master and Commander: The Far Side of the World,2003,138 min,"Action, Adventure, Drama",7.4,"175,634"
Cold Mountain,2003,154 min,"Adventure, Drama, History",7.2,"122,923"
Good Bye Lenin!,2003,121 min,"Drama, Romance",7.7,"119,578"
Bad Santa,2003,91 min,"Comedy, Crime, Drama",7.1,"117,275"
Dogville,2003,178 min,"Crime, Drama",8,"113,851"
Monster,2003,109 min,"Biography, Crime, Drama",7.3,"112,058"
Eternal Sunshine of the Spotless Mind,2004,108 min,"Drama, Romance, Sci-Fi",8.3,"720,117"
Kill Bill: Vol. 2,2004,137 min,"Action, Crime, Drama",8,"545,214"
Million Dollar Baby,2004,132 min,"Drama, Sport",8.1,"519,405"
The Incredibles,2004,115 min,"Animation, Action, Adventure",8,"511,976"
Spider-Man 2,2004,127 min,"Action, Adventure",7.3,"441,321"
The Notebook,2004,123 min,"Drama, Romance",7.9,"423,341"
Shaun of the Dead,2004,99 min,"Comedy, Horror",8,"421,477"
Harry Potter and the Prisoner of Azkaban,2004,142 min,"Adventure, Family, Fantasy",7.8,"417,315"
"I, Robot",2004,115 min,"Action, Crime, Drama",7.1,"415,516"
Troy,2004,163 min,Adventure,7.2,"406,713"
The Butterfly Effect,2004,113 min,"Sci-Fi, Thriller",7.7,"379,825"
Crash,2004,112 min,"Crime, Drama, Thriller",7.8,"376,054"
The Bourne Supremacy,2004,108 min,"Action, Mystery, Thriller",7.8,"373,285"
Shrek 2,2004,93 min,"Animation, Adventure, Comedy",7.2,"335,693"
The Terminal,2004,128 min,"Comedy, Drama, Romance",7.3,"324,983"
Saw,2004,103 min,"Horror, Mystery, Thriller",7.7,"317,131"
Collateral,2004,115 min,"Crime, Drama, Thriller",7.6,"307,639"
The Machinist,2004,101 min,"Drama, Thriller",7.7,"299,177"
Anchorman: The Legend of Ron Burgundy,2004,94 min,Comedy,7.2,"282,673"
Hotel Rwanda,2004,121 min,"Biography, Drama, History",8.1,"282,079"
Man on Fire,2004,146 min,"Action, Crime, Drama",7.7,"280,548"
The Aviator,2004,170 min,"Biography, Drama, History",7.5,"280,268"
Downfall,2004,156 min,"Biography, Drama, History",8.3,"266,492"
Mean Girls,2004,97 min,Comedy,7,"265,142"
Howl's Moving Castle,2004,119 min,"Animation, Adventure, Family",8.2,"236,747"
Dawn of the Dead,2004,101 min,"Action, Horror, Thriller",7.4,"203,729"
Garden State,2004,102 min,"Comedy, Drama, Romance",7.5,"192,723"
The Passion of the Christ,2004,127 min,Drama,7.2,"187,260"
Finding Neverland,2004,106 min,"Biography, Drama, Family",7.7,"180,300"
Before Sunset,2004,80 min,"Drama, Romance",8,"179,650"
Closer,2004,104 min,"Drama, Romance",7.3,"175,574"
Harold & Kumar Go to White Castle,2004,88 min,"Adventure, Comedy",7.1,"161,678"
Sideways,2004,126 min,"Comedy, Drama, Romance",7.5,"156,749"
The Life Aquatic with Steve Zissou,2004,119 min,"Adventure, Comedy, Drama",7.3,"149,031"
Team America: World Police,2004,98 min,"Action, Comedy",7.2,"141,315"
Layer Cake,2004,105 min,"Crime, Drama, Thriller",7.4,"140,461"
Fahrenheit 9/11,2004,122 min,"Documentary, Drama, War",7.5,"116,653"
Ray,2004,152 min,"Biography, Drama, Music",7.7,"116,500"
Kung Fu Hustle,2004,99 min,"Action, Comedy, Crime",7.8,"105,073"
Batman Begins,2005,140 min,"Action, Adventure",8.3,"1,053,569"
V for Vendetta,2005,132 min,"Action, Drama, Thriller",8.2,"849,623"
Sin City,2005,124 min,"Crime, Thriller",8,"685,825"
Star Wars: Episode III - Revenge of the Sith,2005,140 min,"Action, Adventure, Fantasy",7.6,"561,386"
Harry Potter and the Goblet of Fire,2005,157 min,"Adventure, Family, Fantasy",7.7,"420,944"
King Kong,2005,187 min,"Action, Adventure, Drama",7.2,"336,252"
The 40-Year-Old Virgin,2005,116 min,"Comedy, Romance",7.1,"329,715"
Brokeback Mountain,2005,134 min,"Drama, Romance",7.7,"273,426"
Lord of War,2005,122 min,"Crime, Drama, Thriller",7.6,"259,183"
Serenity,2005,119 min,"Action, Adventure, Sci-Fi",7.9,"252,444"
Kingdom of Heaven,2005,144 min,"Action, Adventure, Drama",7.2,"229,282"
Pride & Prejudice,2005,129 min,"Drama, Romance",7.8,"205,678"
Corpse Bride,2005,77 min,"Animation, Drama, Family",7.4,"201,702"
Thank You for Smoking,2005,92 min,"Comedy, Drama",7.6,"196,826"
Walk the Line,2005,136 min,"Biography, Drama, Music",7.9,"196,641"
A History of Violence,2005,96 min,"Crime, Drama, Thriller",7.5,"196,224"
Kiss Kiss Bang Bang,2005,103 min,"Comedy, Crime, Mystery",7.6,"185,957"
Munich,2005,164 min,"Crime, Drama, History",7.6,"184,191"
Match Point,2005,124 min,"Drama, Romance, Sport",7.7,"176,391"
The Descent,2005,99 min,"Adventure, Horror, Thriller",7.2,"164,774"
Cinderella Man,2005,144 min,"Biography, Drama, Sport",8,"154,912"
Jarhead,2005,125 min,"Action, Drama, War",7,"150,235"
Hard Candy,2005,104 min,"Crime, Drama, Thriller",7.1,"137,661"
Memoirs of a Geisha,2005,145 min,"Drama, Romance",7.4,"123,569"
The Constant Gardener,2005,129 min,"Drama, Mystery, Romance",7.5,"116,622"
Syriana,2005,128 min,"Drama, Thriller",7,"113,653"
Capote,2005,114 min,"Biography, Crime, Drama",7.4,"106,486"
The Curse of the Were-Rabbit,2005,85 min,"Animation, Comedy, Family",7.5,"103,812"
The Departed,2006,151 min,"Crime, Drama, Thriller",8.5,"943,314"
The Prestige,2006,130 min,"Drama, Mystery, Sci-Fi",8.5,"922,672"
300,2006,117 min,"Action, Fantasy",7.7,"639,306"
Pirates of the Caribbean: Dead Man's Chest,2006,151 min,"Action, Adventure, Fantasy",7.3,"559,203"
Pan's Labyrinth,2006,118 min,"Drama, Fantasy, War",8.2,"501,345"
Casino Royale,2006,144 min,"Action, Adventure, Thriller",8,"498,065"
Blood Diamond,2006,143 min,"Adventure, Drama, Thriller",8,"424,781"
Children of Men,2006,109 min,"Drama, Sci-Fi, Thriller",7.9,"385,370"
Little Miss Sunshine,2006,101 min,"Comedy, Drama",7.8,"375,569"
The Pursuit of Happyness,2006,117 min,"Biography, Drama",8,"362,107"
The Illusionist,2006,110 min,"Drama, Mystery, Romance",7.6,"311,847"
Borat,2006,84 min,Comedy,7.3,"309,205"
Inside Man,2006,129 min,"Crime, Drama, Mystery",7.6,"286,922"
Cars,2006,117 min,"Animation, Comedy, Family",7.1,"284,765"
The Lives of Others,2006,137 min,"Drama, Thriller",8.5,"280,660"
Lucky Number Slevin,2006,110 min,"Crime, Drama, Mystery",7.8,"272,832"
Babel,2006,143 min,Drama,7.5,"254,606"
Apocalypto,2006,139 min,"Action, Adventure, Drama",7.8,"249,209"
Crank,2006,88 min,"Action, Crime, Thriller",7,"205,656"
Perfume: The Story of a Murderer,2006,147 min,"Crime, Drama, Fantasy",7.5,"200,490"
The Fountain,2006,96 min,"Drama, Sci-Fi",7.3,"200,075"
Stranger Than Fiction,2006,113 min,"Comedy, Drama, Fantasy",7.6,"194,336"
Rocky Balboa,2006,102 min,"Drama, Sport",7.2,"172,371"
The Last King of Scotland,2006,123 min,"Biography, Drama, History",7.7,"152,699"
Letters from Iwo Jima,2006,141 min,"Drama, History, War",7.9,"137,485"
Clerks II,2006,97 min,Comedy,7.4,"118,270"
Flags of our Fathers,2006,135 min,"Drama, History, War",7.1,"105,047"
This Is England,2006,101 min,"Crime, Drama",7.7,"102,994"
No Country for Old Men,2007,122 min,"Crime, Drama, Thriller",8.1,"666,081"
I Am Legend,2007,101 min,"Drama, Horror, Sci-Fi",7.2,"569,020"
Transformers,2007,144 min,"Action, Adventure, Sci-Fi",7.1,"532,331"
The Bourne Ultimatum,2007,115 min,"Action, Mystery, Thriller",8.1,"527,907"
Ratatouille,2007,111 min,"Animation, Comedy, Family",8,"507,749"
Pirates of the Caribbean: At World's End,2007,169 min,"Action, Adventure, Fantasy",7.1,"506,076"
Into the Wild,2007,148 min,"Adventure, Biography, Drama",8.1,"461,312"
Superbad,2007,113 min,Comedy,7.6,"444,083"
Juno,2007,96 min,"Comedy, Drama",7.5,"433,868"
There Will Be Blood,2007,158 min,"Drama, History",8.1,"402,281"
Harry Potter and the Order of the Phoenix,2007,138 min,"Adventure, Family, Fantasy",7.5,"387,750"
Hot Fuzz,2007,121 min,"Action, Comedy, Mystery",7.9,"377,559"
Live Free or Die Hard,2007,128 min,"Action, Adventure, Thriller",7.2,"348,493"
American Gangster,2007,157 min,"Biography, Crime, Drama",7.8,"338,796"
Zodiac,2007,157 min,"Crime, Drama, History",7.7,"332,450"
Knocked Up,2007,129 min,"Comedy, Romance",7,"310,306"
The Simpsons Movie,2007,87 min,"Animation, Adventure, Comedy",7.4,"269,715"
Shooter,2007,124 min,"Action, Crime, Drama",7.2,"268,345"
3:10 to Yuma,2007,122 min,"Adventure, Crime, Drama",7.7,"249,431"
The Mist,2007,126 min,Horror,7.2,"233,999"
28 Weeks Later,2007,100 min,"Drama, Horror, Sci-Fi",7,"222,656"
Stardust,2007,127 min,"Adventure, Family, Fantasy",7.7,"221,158"
Atonement,2007,123 min,"Drama, Mystery, Romance",7.8,"203,763"
Sunshine,2007,107 min,"Adventure, Sci-Fi, Thriller",7.3,"201,194"
Eastern Promises,2007,100 min,"Crime, Drama, Mystery",7.7,"199,121"
The Bucket List,2007,97 min,"Adventure, Comedy, Drama",7.4,"195,273"
P.S. I Love You,2007,126 min,"Drama, Romance",7.1,"177,909"
Grindhouse,2007,191 min,"Action, Horror, Thriller",7.6,"160,740"
Enchanted,2007,107 min,"Animation, Comedy, Family",7.1,"151,027"
The Assassination of Jesse James,2007,160 min,"Biography, Crime, Drama",7.5,"144,127"
The Man from Earth,2007,87 min,"Drama, Fantasy, Sci-Fi",8,"141,270"
Michael Clayton,2007,119 min,"Crime, Drama, Thriller",7.3,"139,394"
[Rec],2007,78 min,"Horror, Mystery, Thriller",7.5,"138,924"
The Orphanage,2007,105 min,"Drama, Mystery, Thriller",7.5,"126,223"
Lars and the Real Girl,2007,106 min,"Comedy, Drama, Romance",7.4,"120,752"
Bridge to Terabithia,2007,96 min,"Adventure, Drama, Family",7.2,"117,660"
The Kingdom,2007,110 min,"Action, Drama, Thriller",7.1,"105,431"
Like Stars on Earth,2007,165 min,"Drama, Family, Music",8.5,"105,140"
The Dark Knight,2008,152 min,"Action, Crime, Drama",9,"1,802,351"
WALL·E,2008,98 min,"Animation, Adventure, Family",8.4,"782,275"
Iron Man,2008,126 min,"Action, Adventure, Sci-Fi",7.9,"742,273"
Slumdog Millionaire,2008,120 min,Drama,8,"679,975"
Gran Torino,2008,116 min,Drama,8.2,"598,907"
Taken,2008,93 min,"Action, Thriller",7.8,"503,891"
The Curious Case of Benjamin Button,2008,166 min,"Drama, Fantasy, Romance",7.8,"488,688"
The Hurt Locker,2008,131 min,"Drama, History, Thriller",7.6,"353,125"
Kung Fu Panda,2008,92 min,"Animation, Action, Adventure",7.6,"331,882"
In Bruges,2008,107 min,"Comedy, Crime, Drama",7.9,"324,204"
Tropic Thunder,2008,107 min,"Action, Comedy",7,"323,658"
Cloverfield,2008,85 min,"Action, Horror, Sci-Fi",7,"315,557"
Pineapple Express,2008,111 min,"Action, Comedy, Crime",7,"269,588"
Burn After Reading,2008,96 min,"Comedy, Drama",7,"260,891"
The Wrestler,2008,109 min,"Drama, Sport",7.9,"259,777"
Seven Pounds,2008,123 min,"Drama, Romance",7.7,"246,160"
Forgetting Sarah Marshall,2008,111 min,"Comedy, Drama, Romance",7.2,"227,571"
Hellboy II: The Golden Army,2008,120 min,"Action, Adventure, Fantasy",7,"217,509"
Vicky Cristina Barcelona,2008,96 min,"Drama, Romance",7.1,"209,861"
Changeling,2008,141 min,"Biography, Drama, Mystery",7.8,"207,377"
RocknRolla,2008,114 min,"Action, Crime, Thriller",7.3,"203,923"
The Reader,2008,124 min,"Drama, Romance",7.6,"199,683"
Valkyrie,2008,121 min,"Drama, History, Thriller",7.1,"194,532"
Body of Lies,2008,128 min,"Action, Drama, Romance",7.1,"182,983"
Revolutionary Road,2008,119 min,"Drama, Romance",7.3,"160,102"
The Bank Job,2008,111 min,"Crime, Drama, Romance",7.3,"157,618"
The Boy in the Striped Pajamas,2008,94 min,"Drama, War",7.8,"146,217"
Milk,2008,128 min,"Biography, Drama, History",7.6,"143,174"
"Definitely, Maybe",2008,112 min,"Comedy, Drama, Romance",7.2,"133,905"
Marley & Me,2008,115 min,"Comedy, Drama, Family",7.1,"123,505"
Doubt,2008,104 min,"Drama, Mystery",7.5,"104,534"
Inglourious Basterds,2009,153 min,"Adventure, Drama, War",8.3,"969,927"
Avatar,2009,162 min,"Action, Adventure, Fantasy",7.8,"939,525"
Up,2009,96 min,"Animation, Adventure, Comedy",8.3,"727,405"
The Hangover,2009,100 min,Comedy,7.8,"614,380"
District 9,2009,112 min,"Action, Sci-Fi, Thriller",8,"559,613"
Star Trek,2009,127 min,"Action, Adventure, Sci-Fi",8,"528,792"
Sherlock Holmes,2009,128 min,"Action, Adventure, Crime",7.6,"503,902"
Watchmen,2009,162 min,"Action, Drama, Mystery",7.6,"412,510"
Zombieland,2009,88 min,"Adventure, Comedy, Horror",7.7,"411,455"
500 Days of Summer,2009,95 min,"Comedy, Drama, Romance",7.7,"401,623"
Harry Potter and the Half-Blood Prince,2009,153 min,"Adventure, Family, Fantasy",7.5,"352,477"
Up in the Air,2009,109 min,"Drama, Romance",7.4,"280,415"
Moon,2009,97 min,"Drama, Mystery, Sci-Fi",7.9,"278,441"
3 Idiots,2009,170 min,"Adventure, Comedy, Drama",8.4,"242,305"
Public Enemies,2009,140 min,"Biography, Crime, Drama",7,"241,442"
The Blind Side,2009,129 min,"Biography, Drama, Sport",7.7,"237,547"
Law Abiding Citizen,2009,109 min,"Crime, Drama, Thriller",7.4,"228,907"
The Road,2009,111 min,"Adventure, Drama",7.3,"188,645"
Hachi: A Dog's Tale,2009,93 min,"Drama, Family",8.1,"179,414"
Ice Age: Dawn of the Dinosaurs,2009,94 min,"Animation, Action, Adventure",7,"178,883"
"I Love You, Man",2009,105 min,"Comedy, Romance",7,"172,998"
Cloudy with a Chance of Meatballs,2009,90 min,"Animation, Adventure, Comedy",7,"164,133"
Coraline,2009,100 min,"Animation, Family, Fantasy",7.7,"157,498"
Orphan,2009,123 min,"Horror, Mystery, Thriller",7,"154,511"
Fantastic Mr. Fox,2009,87 min,"Animation, Adventure, Comedy",7.8,"149,995"
The Secret in Their Eyes,2009,129 min,"Drama, Mystery, Romance",8.2,"145,345"
Invictus,2009,134 min,"Biography, Drama, History",7.4,"130,698"
Mary and Max,2009,92 min,"Animation, Comedy, Drama",8.2,"129,873"
The Time Traveler's Wife,2009,107 min,"Drama, Fantasy, Romance",7.1,"121,403"
State of Play,2009,127 min,"Drama, Mystery, Thriller",7.1,"117,692"
An Education,2009,100 min,Drama,7.3,"116,244"
9,2009,79 min,"Animation, Action, Adventure",7.1,"116,042"
A Serious Man,2009,106 min,"Comedy, Drama",7,"108,891"
Inception,2010,148 min,"Action, Adventure, Sci-Fi",8.8,"1,592,306"
Shutter Island,2010,138 min,"Mystery, Thriller",8.1,"862,078"
Toy Story 3,2010,103 min,"Animation, Adventure, Comedy",8.3,"589,975"
Black Swan,2010,108 min,"Drama, Thriller",8,"583,669"
Iron Man 2,2010,124 min,"Action, Adventure, Sci-Fi",7,"559,473"
The King's Speech,2010,118 min,"Biography, Drama",8,"537,662"
How to Train Your Dragon,2010,98 min,"Animation, Action, Adventure",8.1,"528,657"
The Social Network,2010,120 min,"Biography, Drama",7.7,"514,092"
Kick-Ass,2010,117 min,"Action, Comedy",7.7,"457,632"
Despicable Me,2010,95 min,"Animation, Adventure, Comedy",7.7,"412,633"
Tangled,2010,100 min,"Animation, Adventure, Comedy",7.8,"319,367"
Easy A,2010,92 min,"Comedy, Drama, Romance",7.1,"296,357"
The Town,2010,125 min,"Crime, Drama, Thriller",7.6,"296,173"
127 Hours,2010,94 min,"Adventure, Biography, Drama",7.6,"295,290"
Scott Pilgrim vs. the World,2010,112 min,"Action, Comedy, Fantasy",7.5,"292,871"
The Fighter,2010,116 min,"Action, Biography, Drama",7.8,"290,732"
True Grit,2010,110 min,"Adventure, Drama, Western",7.6,"255,915"
RED,2010,111 min,"Action, Comedy, Crime",7.1,"251,545"
Megamind,2010,95 min,"Animation, Action, Comedy",7.3,"185,307"
The Next Three Days,2010,133 min,"Crime, Drama, Romance",7.4,"153,402"
Blue Valentine,2010,112 min,"Drama, Romance",7.4,"152,372"
The Ghost Writer,2010,128 min,"Mystery, Thriller",7.2,"138,390"
Tucker and Dale vs Evil,2010,89 min,"Comedy, Horror",7.6,"137,551"
Buried,2010,95 min,"Drama, Mystery, Thriller",7,"125,244"
Remember Me,2010,113 min,"Drama, Romance",7.2,"119,926"
Winter's Bone,2010,100 min,Drama,7.2,"116,811"
Never Let Me Go,2010,103 min,"Drama, Romance, Sci-Fi",7.2,"116,640"
The Kids Are All Right,2010,106 min,"Comedy, Drama, Romance",7.1,"114,678"
It's Kind of a Funny Story,2010,101 min,"Comedy, Drama, Romance",7.1,"113,842"
Harry Potter and the Deathly Hallows: Part 2,2011,130 min,"Adventure, Drama, Fantasy",8.1,"594,362"
Thor,2011,115 min,"Action, Adventure, Fantasy",7,"574,249"
The Intouchables,2011,112 min,"Biography, Comedy, Drama",8.6,"562,601"
X-Men: First Class,2011,132 min,"Action, Adventure, Sci-Fi",7.8,"552,225"
Drive,2011,100 min,"Crime, Drama",7.8,"464,890"
Rise of the Planet of the Apes,2011,105 min,"Action, Drama, Sci-Fi",7.6,"424,091"
Source Code,2011,93 min,"Mystery, Romance, Sci-Fi",7.5,"408,045"
"Crazy, Stupid, Love.",2011,118 min,"Comedy, Drama, Romance",7.4,"398,352"
Mission: Impossible - Ghost Protocol,2011,132 min,"Action, Adventure, Thriller",7.4,"383,878"
Sherlock Holmes: A Game of Shadows,2011,129 min,"Action, Adventure, Crime",7.5,"359,900"
Warrior,2011,140 min,"Action, Drama, Sport",8.2,"358,261"
The Girl with the Dragon Tattoo,2011,158 min,"Crime, Drama, Mystery",7.8,"350,508"
The Help,2011,146 min,Drama,8.1,"344,326"
Midnight in Paris,2011,94 min,"Comedy, Fantasy, Romance",7.7,"321,926"
Fast Five,2011,131 min,"Action, Crime, Thriller",7.3,"301,871"
Super 8,2011,112 min,"Mystery, Sci-Fi, Thriller",7.1,"299,923"
Moneyball,2011,133 min,"Biography, Drama, Sport",7.6,"298,780"
50/50,2011,100 min,"Comedy, Drama, Romance",7.7,"283,110"
Real Steel,2011,127 min,"Action, Drama, Family",7.1,"265,876"
Hugo,2011,126 min,"Adventure, Drama, Family",7.5,"260,429"
The Descendants,2011,115 min,"Comedy, Drama",7.3,"212,135"
The Adjustment Bureau,2011,106 min,"Romance, Sci-Fi, Thriller",7.1,"209,145"
Paul,2011,104 min,"Adventure, Comedy, Sci-Fi",7,"202,553"
The Artist,2011,100 min,"Comedy, Drama, Romance",7.9,"200,384"
Kung Fu Panda 2,2011,90 min,"Animation, Action, Adventure",7.3,"198,880"
The Ides of March,2011,101 min,Drama,7.1,"196,877"
Rango,2011,107 min,"Animation, Adventure, Comedy",7.2,"195,534"
The Adventures of Tintin,2011,107 min,"Animation, Action, Adventure",7.4,"185,812"
The Lincoln Lawyer,2011,118 min,"Crime, Drama, Thriller",7.3,"182,243"
A Separation,2011,123 min,"Drama, Mystery",8.4,"166,787"
The Raid: Redemption,2011,101 min,"Action, Crime, Thriller",7.6,"157,895"
Tinker Tailor Soldier Spy,2011,122 min,"Drama, Mystery, Thriller",7.1,"157,843"
Shame,2011,101 min,Drama,7.2,"155,770"
Melancholia,2011,135 min,Drama,7.1,"137,623"
War Horse,2011,146 min,"Drama, War",7.2,"122,940"
We Bought a Zoo,2011,124 min,"Comedy, Drama, Family",7.1,"117,368"
One Day,2011,107 min,"Drama, Romance",7,"114,390"
We Need to Talk About Kevin,2011,112 min,"Drama, Mystery, Thriller",7.5,"105,858"
Carnage,2011,80 min,"Comedy, Drama",7.2,"102,050"
The Dark Knight Rises,2012,164 min,"Action, Thriller",8.5,"1,228,378"
The Avengers,2012,143 min,"Action, Sci-Fi",8.1,"1,051,143"
Django Unchained,2012,165 min,"Drama, Western",8.4,"1,047,465"
The Hunger Games,2012,142 min,"Adventure, Sci-Fi, Thriller",7.2,"739,614"
The Hobbit: An Unexpected Journey,2012,169 min,"Adventure, Fantasy",7.9,"672,505"
Silver Linings Playbook,2012,122 min,"Comedy, Drama, Romance",7.8,"567,777"
Skyfall,2012,143 min,"Action, Adventure, Thriller",7.8,"549,749"
Ted,2012,106 min,"Comedy, Fantasy",7,"495,954"
Prometheus,2012,124 min,"Adventure, Mystery, Sci-Fi",7,"490,632"
Argo,2012,120 min,"Biography, Drama, History",7.7,"484,485"
The Amazing Spider-Man,2012,136 min,"Action, Adventure",7,"476,542"
Life of Pi,2012,127 min,"Adventure, Drama, Fantasy",7.9,"472,562"
Looper,2012,113 min,"Action, Crime, Drama",7.4,"455,850"
21 Jump Street,2012,110 min,"Action, Comedy, Crime",7.2,"434,025"
The Perks of Being a Wallflower,2012,102 min,"Drama, Romance",8,"378,382"
Cloud Atlas,2012,172 min,"Drama, Sci-Fi",7.5,"299,591"
The Cabin in the Woods,2012,95 min,Horror,7,"296,912"
Brave,2012,93 min,"Animation, Adventure, Comedy",7.2,"295,710"
Wreck-It Ralph,2012,101 min,"Animation, Adventure, Comedy",7.8,"292,721"
Flight,2012,138 min,"Drama, Thriller",7.3,"277,343"
Les Misacrables,2012,158 min,"Drama, Musical, Romance",7.6,"258,570"
Moonrise Kingdom,2012,94 min,"Adventure, Comedy, Drama",7.8,"256,254"
Jack Reacher,2012,130 min,"Action, Crime, Mystery",7,"252,008"
Pitch Perfect,2012,112 min,"Comedy, Music, Romance",7.2,"228,409"
Zero Dark Thirty,2012,157 min,"Drama, History, Thriller",7.4,"227,296"
Dredd,2012,95 min,"Action, Sci-Fi",7.1,"215,087"
Chronicle,2012,84 min,"Sci-Fi, Thriller",7.1,"213,740"
Lincoln,2012,150 min,"Biography, Drama, History",7.4,"208,951"
The Place Beyond the Pines,2012,140 min,"Crime, Drama, Thriller",7.3,"201,893"
Seven Psychopaths,2012,110 min,"Comedy, Crime",7.2,"197,693"
The Hunt,2012,115 min,Drama,8.3,"194,271"
End of Watch,2012,109 min,"Crime, Drama, Thriller",7.7,"193,496"
Hotel Transylvania,2012,91 min,"Animation, Comedy, Family",7.1,"176,997"
The Impossible,2012,114 min,"Drama, Thriller",7.6,"157,735"
Mud,2012,130 min,Drama,7.4,"143,416"
Rise of the Guardians,2012,97 min,"Animation, Adventure, Family",7.3,"131,528"
The Master,2012,144 min,Drama,7.1,"113,355"
Safety Not Guaranteed,2012,86 min,"Comedy, Drama, Romance",7,"105,360"
The Wolf of Wall Street,2013,180 min,"Biography, Comedy, Crime",8.2,"874,371"
Gravity,2013,91 min,"Drama, Sci-Fi, Thriller",7.8,"625,195"
Iron Man 3,2013,130 min,"Action, Adventure, Sci-Fi",7.2,"594,224"
Man of Steel,2013,143 min,"Action, Adventure, Fantasy",7.1,"582,519"
The Hunger Games: Catching Fire,2013,146 min,"Action, Adventure, Mystery",7.6,"529,219"
The Hobbit: The Desolation of Smaug,2013,161 min,"Adventure, Fantasy",7.9,"517,794"
World War Z,2013,116 min,"Action, Adventure, Horror",7,"497,654"
Now You See Me,2013,115 min,"Crime, Mystery, Thriller",7.3,"494,158"
12 Years a Slave,2013,134 min,"Biography, Drama, History",8.1,"490,387"
Frozen,2013,102 min,"Animation, Adventure, Comedy",7.5,"454,377"
Thor: The Dark World,2013,112 min,"Action, Adventure, Fantasy",7,"446,120"
Prisoners,2013,153 min,"Crime, Drama, Mystery",8.1,"436,571"
Star Trek Into Darkness,2013,132 min,"Action, Adventure, Sci-Fi",7.8,"419,560"
Oblivion,2013,124 min,"Action, Adventure, Mystery",7,"413,028"
Pacific Rim,2013,131 min,"Action, Adventure, Sci-Fi",7,"401,967"
Her,2013,126 min,"Drama, Romance, Sci-Fi",8,"393,292"
The Great Gatsby,2013,143 min,"Drama, Romance",7.3,"387,343"
American Hustle,2013,138 min,"Crime, Drama",7.3,"380,347"
Dallas Buyers Club,2013,117 min,"Biography, Drama",8,"354,455"
Captain Phillips,2013,134 min,"Biography, Drama, Thriller",7.8,"347,204"
Rush,2013,123 min,"Action, Biography, Drama",8.1,"341,336"
We're the Millers,2013,110 min,"Comedy, Crime",7,"336,033"
The Conjuring,2013,112 min,"Horror, Mystery, Thriller",7.5,"334,065"
Despicable Me 2,2013,98 min,"Animation, Adventure, Comedy",7.4,"308,397"
Monsters University,2013,104 min,"Animation, Adventure, Comedy",7.3,"252,925"
The Secret Life of Walter Mitty,2013,114 min,"Adventure, Comedy, Drama",7.3,"250,549"
About Time,2013,123 min,"Comedy, Drama, Fantasy",7.8,"223,004"
Lone Survivor,2013,121 min,"Action, Biography, Drama",7.5,"220,069"
The World's End,2013,109 min,"Action, Comedy, Sci-Fi",7,"201,547"
Snowpiercer,2013,126 min,"Action, Drama, Sci-Fi",7,"200,269"
Blue Jasmine,2013,98 min,Drama,7.3,"161,666"
The Croods,2013,98 min,"Animation, Adventure, Comedy",7.2,"160,543"
Side Effects,2013,106 min,"Crime, Drama, Thriller",7.1,"155,457"
Saving Mr. Banks,2013,125 min,"Biography, Comedy, Drama",7.5,"126,210"
The Way Way Back,2013,103 min,"Comedy, Drama",7.4,"121,916"
The Spectacular Now,2013,95 min,"Comedy, Drama, Romance",7.1,"117,003"
Begin Again,2013,104 min,"Drama, Music",7.4,"112,713"
The Book Thief,2013,131 min,"Drama, War",7.6,"107,159"
Inside Llewyn Davis,2013,104 min,"Drama, Music",7.4,"106,347"
Before Midnight,2013,109 min,"Drama, Romance",7.9,"105,741"
Interstellar,2014,169 min,"Adventure, Drama, Sci-Fi",8.6,"1,057,411"
Guardians of the Galaxy,2014,121 min,"Action, Adventure, Sci-Fi",8.1,"768,444"
Gone Girl,2014,149 min,"Crime, Drama, Mystery",8.1,"640,332"
X-Men: Days of Future Past,2014,132 min,"Action, Adventure, Sci-Fi",8,"557,975"
Captain America: The Winter Soldier,2014,136 min,"Action, Adventure, Sci-Fi",7.8,"546,650"
The Grand Budapest Hotel,2014,99 min,"Adventure, Comedy, Drama",8.1,"537,323"
The Imitation Game,2014,114 min,"Biography, Drama, Thriller",8.1,"535,118"
Whiplash,2014,107 min,"Drama, Music",8.5,"485,079"
Edge of Tomorrow,2014,113 min,"Action, Adventure, Sci-Fi",7.9,"475,969"
Birdman,2014,119 min,"Comedy, Drama",7.8,"445,063"
The Hobbit: The Battle of the Five Armies,2014,144 min,"Adventure, Fantasy",7.4,"388,854"
American Sniper,2014,133 min,"Action, Biography, Drama",7.3,"355,398"
Ex Machina,2014,108 min,"Drama, Mystery, Sci-Fi",7.7,"344,887"
Dawn of the Planet of the Apes,2014,130 min,"Action, Adventure, Drama",7.6,"338,880"
Fury,2014,134 min,"Action, Drama, War",7.6,"335,014"
Nightcrawler,2014,118 min,"Crime, Drama, Thriller",7.9,"334,668"
Big Hero 6,2014,102 min,"Animation, Action, Adventure",7.8,"312,030"
The Theory of Everything,2014,123 min,"Biography, Drama, Romance",7.7,"302,106"
Boyhood,2014,165 min,Drama,7.9,"288,375"
22 Jump Street,2014,112 min,"Action, Comedy, Crime",7.1,"283,184"
The Fault in Our Stars,2014,126 min,"Drama, Romance",7.8,"272,458"
Maleficent,2014,97 min,"Action, Adventure, Family",7,"270,950"
The Lego Movie,2014,100 min,"Animation, Action, Adventure",7.8,"269,471"
The Equalizer,2014,132 min,"Action, Crime, Thriller",7.2,"251,100"
How to Train Your Dragon 2,2014,102 min,"Animation, Action, Adventure",7.9,"239,284"
Non-Stop,2014,106 min,"Action, Mystery, Thriller",7,"212,862"
The Judge,2014,141 min,"Crime, Drama",7.4,"147,323"
Unbroken,2014,137 min,"Biography, Drama, Sport",7.2,"115,148"
Wild Tales,2014,122 min,"Comedy, Drama, Thriller",8.1,"112,743"
PK,2014,153 min,"Comedy, Drama, Fantasy",8.2,"104,636"
Star Wars: The Force Awakens,2015,136 min,"Action, Adventure, Fantasy",8.1,"665,521"
Mad Max: Fury Road,2015,120 min,"Action, Adventure, Sci-Fi",8.1,"638,510"
The Martian,2015,144 min,"Adventure, Drama, Sci-Fi",8,"560,864"
Avengers: Age of Ultron,2015,141 min,"Action, Adventure, Sci-Fi",7.4,"521,903"
The Revenant,2015,156 min,"Adventure, Drama, Thriller",8,"504,647"
Jurassic World,2015,124 min,"Action, Adventure, Sci-Fi",7,"458,076"
Inside Out,2015,95 min,"Animation, Adventure, Comedy",8.2,"421,211"
Ant-Man,2015,117 min,"Action, Adventure, Comedy",7.3,"373,236"
The Hateful Eight,2015,187 min,"Crime, Drama, Mystery",7.8,"346,887"
Furious 7,2015,137 min,"Action, Crime, Thriller",7.2,"304,124"
Spotlight,2015,128 min,"Crime, Drama, History",8.1,"274,216"
Mission: Impossible - Rogue Nation,2015,131 min,"Action, Adventure, Thriller",7.4,"259,408"
The Big Short,2015,130 min,"Biography, Comedy, Drama",7.8,"249,083"
Sicario,2015,121 min,"Action, Crime, Drama",7.6,"246,002"
Room,2015,118 min,Drama,8.2,"226,372"
Bridge of Spies,2015,142 min,"Drama, History, Thriller",7.6,"220,735"
The Man from U.N.C.L.E.,2015,116 min,"Action, Adventure, Comedy",7.3,"206,575"
Creed,2015,133 min,"Drama, Sport",7.6,"177,094"
Southpaw,2015,124 min,"Drama, Sport",7.4,"170,754"
The Intern,2015,121 min,"Comedy, Drama",7.1,"160,864"
Everest,2015,121 min,"Action, Adventure, Drama",7.1,"156,999"
Straight Outta Compton,2015,147 min,"Biography, Drama, History",7.9,"141,743"
Cinderella,2015,105 min,"Drama, Family, Fantasy",7,"118,609"
Steve Jobs,2015,122 min,"Biography, Drama",7.2,"117,005"
The Age of Adaline,2015,112 min,"Drama, Fantasy, Romance",7.2,"114,501"
Legend,2015,132 min,"Biography, Crime, Drama",7,"110,600"
Deadpool,2016,108 min,"Action, Adventure, Comedy",8,"644,281"
Captain America: Civil War,2016,147 min,"Action, Adventure, Sci-Fi",7.9,"417,490"
Arrival,2016,116 min,"Drama, Mystery, Sci-Fi",8,"351,380"
Zootopia,2016,108 min,"Animation, Adventure, Comedy",8.1,"304,299"
X-Men: Apocalypse,2016,144 min,"Action, Adventure, Sci-Fi",7.1,"285,476"
La La Land,2016,128 min,"Comedy, Drama, Music",8.2,"272,059"
Hacksaw Ridge,2016,139 min,"Biography, Drama, History",8.2,"221,901"
Passengers,2016,116 min,"Adventure, Drama, Romance",7,"211,731"
The Jungle Book,2016,106 min,"Adventure, Drama, Family",7.5,"201,953"
10 Cloverfield Lane,2016,104 min,"Drama, Horror, Mystery",7.2,"196,973"
Warcraft: The Beginning,2016,123 min,"Action, Adventure, Fantasy",7,"190,505"
Star Trek Beyond,2016,122 min,"Action, Adventure, Sci-Fi",7.1,"171,483"
The Conjuring 2,2016,134 min,"Horror, Mystery, Thriller",7.4,"139,613"
Me Before You,2016,106 min,"Drama, Romance",7.4,"117,145"
Lion,2016,118 min,"Biography, Drama",8.1,"113,296"
Logan,2017,137 min,"Action, Drama, Sci-Fi",8.3,"316,354"
Guardians of the Galaxy Vol. 2,2017,136 min,"Action, Adventure, Sci-Fi",8.1,"175,272"
Beauty and the Beast,2017,129 min,"Family, Fantasy, Musical",7.5,"137,981"
